Stock Code,Warehouse,CREATEDATE,BATCH,Qty
8100910004                         ,62,11/6/2026,199900015011,240
8100910004                         ,62,11/6/2026,199900015010,240
8100920004                         ,62,11/6/2026,199900015009,240
8101010104                         ,62,12/6/2026,199900015028,250
8101010104                         ,62,12/6/2026,199900015029,250
8101010104                         ,62,12/6/2026,199900015030,250
8101010104                         ,62,31/5/2026,199900014346,250
8101010104                         ,62,12/6/2026,199900015024,250
8101010104                         ,62,12/6/2026,199900015027,250
8101010104                         ,62,12/6/2026,199900015025,250
8101010104                         ,62,12/6/2026,199900015026,250
8101020104                         ,62,11/6/2026,199900015015,250
8101020104                         ,62,11/6/2026,199900015019,250
8101020104                         ,62,11/6/2026,199900015016,250
8101020104                         ,62,11/6/2026,199900015017,250
8101020104                         ,62,31/5/2026,199900014347,250
8101020104                         ,62,11/6/2026,199900015013,250
8101020104                         ,62,11/6/2026,199900015014,250
8101020104                         ,62,11/6/2026,199900015012,250
8101020104                         ,62,11/6/2026,199900015018,250
8157310204                         ,01,22/12/2025,199900004454,250
8157320204                         ,01,22/12/2025,199900004455,250
8157320204                         ,98,21/4/2026,199900012249,400
8157320204                         ,98,22/12/2025,199900004456,250
8163210604                         ,01,15/1/2026,199900006069,50
8163210604                         ,01,2/2/2026,199900007861,40
8163210604                         ,01,15/1/2026,199900006068,90
8163210604                         ,60,19/5/2026,199900013397,90
8163210604                         ,60,19/5/2026,199900013408,90
8163210604                         ,60,19/5/2026,199900013398,90
8163220604                         ,01,31/12/2025,199900005352,90
8163220604                         ,01,15/1/2026,199900006067,40
8163220604                         ,01,2/2/2026,199900007862,50
8163220604                         ,60,19/5/2026,199900013404,90
8163220604                         ,60,19/5/2026,199900013405,90
8163220604                         ,60,19/5/2026,199900013411,90
8167110304                         ,50,19/5/2026,199900013553,30
8167110304                         ,50,15/1/2026,199900006081,40
8167120304                         ,62,22/5/2026,199900013574,24
8203210504                         ,60,20/5/2026,199900013615,85
8203210504                         ,60,18/3/2026,199900010026,85
8203210504                         ,60,20/5/2026,199900013613,85
8203210504                         ,60,18/3/2026,199900010028,85
8203210504                         ,60,20/5/2026,199900013576,25
8203210504                         ,60,16/5/2026,199900013254,60
8203210504                         ,60,18/3/2026,199900010024,85
8203210504                         ,60,18/3/2026,199900010025,85
8203210504                         ,60,20/5/2026,199900013616,85
8203210504                         ,60,18/3/2026,199900010022,85
8203210504                         ,60,17/3/2026,199900010019,85
8203210504                         ,62,20/5/2026,199900013614,85
8203220504                         ,60,18/3/2026,199900010032,85
8203220504                         ,60,18/3/2026,199900010030,85
8203220504                         ,60,18/3/2026,199900010036,85
8203220504                         ,60,18/3/2026,199900010034,85
8203220504                         ,60,20/5/2026,199900013619,85
8203220504                         ,60,18/3/2026,199900010033,85
8203220504                         ,60,20/5/2026,199900013620,85
8203220504                         ,60,17/3/2026,199900010037,85
8203220504                         ,62,16/5/2026,199900013253,85
8203220504                         ,62,20/5/2026,199900013617,28
8203220504                         ,62,23/4/2026,199900012467,57
8203220504                         ,62,20/5/2026,199900013618,85
8207210404                         ,98,8/2/2026,199900008432,60
8334310104                         ,60,23/5/2026,199900013781,40
8334310104                         ,60,25/5/2026,199900013811,40
8334310104                         ,60,25/5/2026,199900013812,40
8334310104                         ,60,25/5/2026,199900013813,40
8334310104                         ,60,23/5/2026,199900013782,40
8334310104                         ,60,23/5/2026,199900013780,40
8334310104                         ,60,23/5/2026,199900013790,40
8334310104                         ,60,23/5/2026,199900013791,40
8334310104                         ,62,23/5/2026,199900013784,40
8334310104                         ,62,23/5/2026,199900013788,40
8334310104                         ,62,23/5/2026,199900013786,40
8334310104                         ,62,25/5/2026,199900013816,40
8334310104                         ,62,23/5/2026,199900013789,40
8334310104                         ,62,25/5/2026,199900013815,40
8334310104                         ,62,23/5/2026,199900013785,40
8334310104                         ,62,23/5/2026,199900013787,40
8334310104                         ,62,25/5/2026,199900013814,40
8334320104                         ,60,23/5/2026,199900013793,40
8334320104                         ,60,23/5/2026,199900013794,40
8334320104                         ,60,25/5/2026,199900013832,40
8334320104                         ,60,23/5/2026,199900013792,40
8334320104                         ,60,23/5/2026,199900013803,40
8334320104                         ,60,25/5/2026,199900013834,40
8334320104                         ,60,25/5/2026,199900013833,40
8334320104                         ,62,25/5/2026,199900013831,40
8334320104                         ,62,23/5/2026,199900013800,40
8334320104                         ,62,23/5/2026,199900013796,40
8334320104                         ,62,23/5/2026,199900013801,40
8334320104                         ,62,23/5/2026,199900013798,40
8334320104                         ,62,25/5/2026,199900013830,40
8334320104                         ,62,23/5/2026,199900013799,40
8334320104                         ,62,23/5/2026,199900013797,40
8334320104                         ,62,25/5/2026,199900013829,40
8335310104                         ,60,25/5/2026,199900013851,40
8335310104                         ,60,25/5/2026,199900013854,40
8335320104                         ,60,25/5/2026,199900013855,40
8335320104                         ,60,25/5/2026,199900013858,40
8356910204                         ,60,15/5/2026,199900013146,36
8356910204                         ,60,15/5/2026,199900013169,36
8356910204                         ,60,15/5/2026,199900013179,36
8356910204                         ,60,15/5/2026,199900013172,36
8356910204                         ,60,15/5/2026,199900013180,36
8356920204                         ,60,15/5/2026,199900013193,36
8356920204                         ,60,15/5/2026,199900013191,36
8356920204                         ,60,15/5/2026,199900013203,36
8356920204                         ,60,15/5/2026,199900013192,36
8356920204                         ,60,15/5/2026,199900013200,36
8360110104                         ,62,28/5/2026,199900014060,14
8360120104                         ,62,28/5/2026,199900014052,14
8410810304                         ,01,12/5/2026,199900013010,6
8410810304                         ,60,21/5/2026,199900013644,56
8410810304                         ,60,21/5/2026,199900013649,56
8410810304                         ,60,21/5/2026,199900013640,56
8410810304                         ,60,21/5/2026,199900013645,56
8410810304                         ,60,21/5/2026,199900013639,56
8410810304                         ,60,21/5/2026,199900013647,56
8410810304                         ,60,21/5/2026,199900013635,50
8410810304                         ,60,21/5/2026,199900013643,56
8410810304                         ,62,27/5/2026,199900013982,56
8410810304                         ,62,27/5/2026,199900013983,44
8410820304                         ,01,12/5/2026,199900013009,56
8410820304                         ,01,12/5/2026,199900013008,56
8410820304                         ,60,21/5/2026,199900013659,56
8410820304                         ,60,21/5/2026,199900013658,56
8410820304                         ,60,21/5/2026,199900013653,56
8410820304                         ,60,21/5/2026,199900013655,56
8410820304                         ,60,21/5/2026,199900013654,56
8410820304                         ,60,21/5/2026,199900013651,56
8410820304                         ,62,27/5/2026,199900013985,56
8410820304                         ,62,27/5/2026,199900013984,56
8411010404                         ,60,22/5/2026,199900013717,56
8411010404                         ,60,22/5/2026,199900013718,56
8411010404                         ,60,23/5/2026,199900013733,56
8411010404                         ,60,22/5/2026,199900013722,56
8411010404                         ,60,23/5/2026,199900013739,56
8411010404                         ,60,22/5/2026,199900013721,56
8411010404                         ,60,22/5/2026,199900013720,56
8411010404                         ,60,22/5/2026,199900013723,56
8411010404                         ,60,22/5/2026,199900013719,56
8411010404                         ,62,23/5/2026,199900013735,56
8411010404                         ,62,23/5/2026,199900013736,56
8411010404                         ,62,23/5/2026,199900013738,56
8411010404                         ,62,22/5/2026,199900013715,56
8411010404                         ,62,23/5/2026,199900013734,56
8411010404                         ,62,23/5/2026,199900013737,56
8411020404                         ,60,23/5/2026,199900013740,56
8411020404                         ,60,22/5/2026,199900013727,56
8411020404                         ,60,23/5/2026,199900013746,56
8411020404                         ,60,22/5/2026,199900013729,56
8411020404                         ,60,22/5/2026,199900013728,56
8411020404                         ,60,22/5/2026,199900013725,56
8411020404                         ,60,22/5/2026,199900013724,56
8411020404                         ,60,22/5/2026,199900013730,56
8411020404                         ,60,22/5/2026,199900013726,56
8411020404                         ,62,23/5/2026,199900013744,56
8411020404                         ,62,23/5/2026,199900013743,56
8411020404                         ,62,23/5/2026,199900013741,56
8411020404                         ,62,23/5/2026,199900013745,56
8411020404                         ,62,22/5/2026,199900013732,56
8411020404                         ,62,23/5/2026,199900013742,56
8415110004                         ,01,3/2/2026,199900007873,85
8415110004                         ,01,3/2/2026,199900007874,85
8415110004                         ,01,3/2/2026,199900007871,85
8415110004                         ,50,7/2/2026,199900008208,85
8415110004                         ,50,8/2/2026,199900008465,66
8415110004                         ,60,20/5/2026,199900013625,19
8415110004                         ,60,21/4/2026,199900012269,85
8415110004                         ,60,21/4/2026,199900012270,85
8415110004                         ,60,21/4/2026,199900012268,85
8415110004                         ,60,21/4/2026,199900012223,85
8415110004                         ,60,20/5/2026,199900013629,85
8415120004                         ,01,3/2/2026,199900007885,85
8415120004                         ,01,3/2/2026,199900007883,85
8415120004                         ,01,3/2/2026,199900007882,85
8415120004                         ,50,7/2/2026,199900008213,85
8415120004                         ,60,21/4/2026,199900012224,40
8415120004                         ,60,21/4/2026,199900012273,85
8415120004                         ,60,20/5/2026,199900013628,85
8415120004                         ,60,21/4/2026,199900012275,85
8415120004                         ,60,20/5/2026,199900013627,85
8415120004                         ,60,20/5/2026,199900013626,45
8415120004                         ,60,21/4/2026,199900012274,85
8415210204                         ,62,10/6/2026,199900014922,75
8415210204                         ,62,10/6/2026,199900014916,75
8415210204                         ,62,10/6/2026,199900014924,75
8415210204                         ,62,10/6/2026,199900014921,75
8415210204                         ,62,10/6/2026,199900014926,75
8415210204                         ,62,10/6/2026,199900014915,75
8415210204                         ,62,10/6/2026,199900014919,75
8415210204                         ,62,10/6/2026,199900014917,75
8415210204                         ,62,10/6/2026,199900014918,75
8415210204                         ,62,10/6/2026,199900014920,75
8415210204                         ,62,10/6/2026,199900014925,75
8415210204                         ,62,10/6/2026,199900014923,75
8415210204                         ,98,15/1/2026,199900006087,48
8415210204                         ,98,15/1/2026,199900006072,15
8415220204                         ,62,10/6/2026,199900014904,75
8415220204                         ,62,10/6/2026,199900014913,75
8415220204                         ,62,10/6/2026,199900014908,75
8415220204                         ,62,10/6/2026,199900014909,75
8415220204                         ,62,10/6/2026,199900014907,75
8415220204                         ,62,10/6/2026,199900014906,75
8415220204                         ,62,10/6/2026,199900014910,75
8415220204                         ,62,10/6/2026,199900014914,75
8415220204                         ,62,10/6/2026,199900014905,75
8415220204                         ,62,10/6/2026,199900014903,75
8415220204                         ,62,10/6/2026,199900014912,75
8415220204                         ,62,10/6/2026,199900014911,75
8415220204                         ,98,15/1/2026,199900006088,67
8418110204                         ,62,9/6/2026,199900014826,65
8418110204                         ,62,9/6/2026,199900014813,65
8418110204                         ,62,9/6/2026,199900014820,65
8418110204                         ,62,9/6/2026,199900014817,65
8418110204                         ,62,9/6/2026,199900014818,65
8418110204                         ,62,9/6/2026,199900014824,65
8418110204                         ,62,9/6/2026,199900014816,65
8418110204                         ,62,9/6/2026,199900014814,65
8418110204                         ,62,9/6/2026,199900014827,65
8418110204                         ,62,9/6/2026,199900014822,65
8418110204                         ,62,9/6/2026,199900014825,65
8418110204                         ,62,9/6/2026,199900014815,65
8418110204                         ,62,9/6/2026,199900014819,65
8418110204                         ,62,9/6/2026,199900014823,65
8418110204                         ,62,9/6/2026,199900014821,65
8418120204                         ,62,9/6/2026,199900014835,65
8418120204                         ,62,9/6/2026,199900014839,65
8418120204                         ,62,9/6/2026,199900014836,65
8418120204                         ,62,9/6/2026,199900014832,65
8418120204                         ,62,9/6/2026,199900014841,65
8418120204                         ,62,9/6/2026,199900014830,65
8418120204                         ,62,9/6/2026,199900014838,65
8418120204                         ,62,9/6/2026,199900014837,65
8418120204                         ,62,9/6/2026,199900014831,65
8418120204                         ,62,9/6/2026,199900014842,65
8418120204                         ,62,9/6/2026,199900014840,65
8418120204                         ,62,9/6/2026,199900014843,65
8418120204                         ,62,9/6/2026,199900014829,65
8418120204                         ,62,9/6/2026,199900014833,65
8418120204                         ,62,9/6/2026,199900014834,65
8418310304                         ,60,17/3/2026,199900009708,65
8418310304                         ,60,17/3/2026,199900009715,65
8418310304                         ,60,17/3/2026,199900009713,65
8418310304                         ,60,17/3/2026,199900009712,65
8418310304                         ,60,17/3/2026,199900009711,65
8418310304                         ,60,17/3/2026,199900009710,65
8418310304                         ,60,17/3/2026,199900009706,65
8418310304                         ,60,17/3/2026,199900009707,65
8418310304                         ,60,17/3/2026,199900009720,65
8418310304                         ,60,17/3/2026,199900009719,65
8418310304                         ,60,17/3/2026,199900009716,65
8418310304                         ,62,23/4/2026,199900012474,48
8418310304                         ,62,16/5/2026,199900013257,14
8418320304                         ,60,2/5/2026,199900012727,65
8418320304                         ,60,2/5/2026,199900012725,11
8418320304                         ,60,17/3/2026,199900009730,65
8418320304                         ,60,17/3/2026,199900009727,65
8418320304                         ,60,17/3/2026,199900009729,65
8418320304                         ,60,17/3/2026,199900009735,65
8418320304                         ,60,17/3/2026,199900009731,65
8418320304                         ,60,23/4/2026,199900012475,54
8418320304                         ,60,17/3/2026,199900009722,65
8418320304                         ,60,17/3/2026,199900009732,65
8418320304                         ,60,17/3/2026,199900009721,65
8418320304                         ,60,17/3/2026,199900009734,65
8418320304                         ,62,16/5/2026,199900013258,52
8430410104                         ,01,31/12/2025,199900005263,52
8430410104                         ,01,31/12/2025,199900005262,52
8430410104                         ,01,31/12/2025,199900005267,52
8430410104                         ,01,31/12/2025,199900005261,52
8430410104                         ,01,31/12/2025,199900005266,52
8430410104                         ,01,31/12/2025,199900005265,52
8430410104                         ,01,31/12/2025,199900005264,52
8430410104                         ,50,16/5/2026,199900013243,10
8430420104                         ,01,31/12/2025,199900005272,52
8430420104                         ,01,31/12/2025,199900005273,52
8430420104                         ,01,31/12/2025,199900005268,52
8430420104                         ,01,31/12/2025,199900005271,52
8430420104                         ,01,31/12/2025,199900005270,52
8430420104                         ,01,31/12/2025,199900005269,52
8430420104                         ,01,31/12/2025,199900005274,52
8430420104                         ,50,16/5/2026,199900013244,21
8434810104                         ,62,23/4/2026,199900012476,37
8434810104                         ,98,27/12/2025,199900005131,40
8434810104                         ,98,3/6/2026,199900014521,12
8434810104                         ,98,27/12/2025,199900005134,52
8434810104                         ,98,27/12/2025,199900005133,52
8434820104                         ,62,23/4/2026,199900012478,23
8434820104                         ,62,21/4/2026,199900012248,3
8434820104                         ,62,3/6/2026,199900014522,9
8434820104                         ,62,23/4/2026,199900012477,52
8434820104                         ,98,30/12/2025,199900005150,52
8502510204                         ,60,26/5/2026,199900013902,54
8502510204                         ,60,26/5/2026,199900013900,54
8502510204                         ,60,26/5/2026,199900013904,54
8502510204                         ,62,26/5/2026,199900013901,54
8502520204                         ,60,26/5/2026,199900013921,54
8502520204                         ,60,26/5/2026,199900013912,54
8502520204                         ,60,26/5/2026,199900013910,54
8502520204                         ,62,26/5/2026,199900013913,54
8502520204                         ,62,26/5/2026,199900013918,54
8502520204                         ,62,26/5/2026,199900013930,39
8510810304                         ,50,12/5/2026,199900013025,23
8510810304                         ,50,12/5/2026,199900013024,56
8510810304                         ,62,1/6/2026,199900014448,56
8510810304                         ,62,2/6/2026,199900014462,56
8510810304                         ,62,2/6/2026,199900014463,56
8510810304                         ,62,4/6/2026,199900014524,56
8510810304                         ,62,4/6/2026,199900014523,56
8510810304                         ,62,1/6/2026,199900014449,56
8510810304                         ,62,1/6/2026,199900014444,56
8510810304                         ,62,1/6/2026,199900014450,56
8510810304                         ,62,4/6/2026,199900014526,56
8510810304                         ,62,4/6/2026,199900014527,56
8510810304                         ,62,1/6/2026,199900014447,56
8510810304                         ,62,1/6/2026,199900014443,56
8510810304                         ,62,4/6/2026,199900014528,56
8510810304                         ,62,1/6/2026,199900014446,56
8510810304                         ,62,4/6/2026,199900014525,56
8510810304                         ,62,1/6/2026,199900014451,56
8510820304                         ,50,12/5/2026,199900013027,56
8510820304                         ,50,12/5/2026,199900013026,30
8510820304                         ,62,1/6/2026,199900014452,56
8510820304                         ,62,1/6/2026,199900014456,56
8510820304                         ,62,4/6/2026,199900014532,56
8510820304                         ,62,2/6/2026,199900014465,56
8510820304                         ,62,4/6/2026,199900014529,56
8510820304                         ,62,4/6/2026,199900014534,56
8510820304                         ,62,1/6/2026,199900014453,56
8510820304                         ,62,2/6/2026,199900014464,56
8510820304                         ,62,1/6/2026,199900014457,56
8510820304                         ,62,1/6/2026,199900014460,56
8510820304                         ,62,4/6/2026,199900014531,56
8510820304                         ,62,4/6/2026,199900014535,56
8510820304                         ,62,1/6/2026,199900014459,56
8510820304                         ,62,4/6/2026,199900014533,56
8510820304                         ,62,1/6/2026,199900014458,56
8510820304                         ,62,1/6/2026,199900014454,56
8510820304                         ,62,1/6/2026,199900014455,56
8510820304                         ,62,4/6/2026,199900014530,56
8512520104                         ,50,11/6/2026,199900014978,9
8515110104                         ,01,24/3/2026,199900010654,75
8515110104                         ,01,24/3/2026,199900010656,75
8515110104                         ,01,24/3/2026,199900010661,75
8515110104                         ,01,24/3/2026,199900010655,75
8515110104                         ,01,24/3/2026,199900010657,75
8515110104                         ,01,24/3/2026,199900010659,75
8515110104                         ,01,24/3/2026,199900010660,75
8515110104                         ,01,24/3/2026,199900010662,75
8515110104                         ,01,24/3/2026,199900010658,75
8515110104                         ,01,24/3/2026,199900010663,75
8515110104                         ,98,24/4/2026,199900012509,20
8515110104                         ,98,8/2/2026,199900008437,48
8515120104                         ,01,24/3/2026,199900010665,75
8515120104                         ,01,24/3/2026,199900010670,75
8515120104                         ,01,24/3/2026,199900010673,75
8515120104                         ,01,24/3/2026,199900010672,75
8515120104                         ,01,24/3/2026,199900010669,75
8515120104                         ,01,24/3/2026,199900010668,75
8515120104                         ,01,24/3/2026,199900010671,75
8515120104                         ,01,24/3/2026,199900010666,75
8515120104                         ,01,24/3/2026,199900010667,75
8515120104                         ,01,24/3/2026,199900010664,75
8515120104                         ,98,8/2/2026,199900008438,69
8515120104                         ,98,24/4/2026,199900012511,18
8515210204                         ,01,15/1/2026,199900006077,70
8515210204                         ,01,8/1/2026,199900005515,70
8515210204                         ,01,8/2/2026,199900008458,10
8515210204                         ,01,29/1/2026,199900007546,70
8515210204                         ,01,29/3/2026,199900011135,70
8515210204                         ,01,29/1/2026,199900007548,70
8515210204                         ,01,29/3/2026,199900011133,70
8515210204                         ,01,15/1/2026,199900006078,39
8515210204                         ,01,29/3/2026,199900011132,70
8515210204                         ,01,8/2/2026,199900008413,60
8515210204                         ,01,29/3/2026,199900011138,21
8515210204                         ,01,13/5/2026,199900013034,70
8515210204                         ,01,26/3/2026,199900010888,10
8515210204                         ,01,29/3/2026,199900011134,70
8515210204                         ,01,14/1/2026,199900005545,70
8515210204                         ,60,22/4/2026,199900012443,30
8515210204                         ,60,13/5/2026,199900013031,70
8515210204                         ,60,16/4/2026,199900011926,70
8515210204                         ,60,6/3/2026,199900009257,70
8515210204                         ,60,18/4/2026,199900011922,70
8515210204                         ,60,18/4/2026,199900011906,70
8515210204                         ,60,18/4/2026,199900011923,70
8515210204                         ,60,18/4/2026,199900011919,70
8515210204                         ,60,21/4/2026,199900011913,70
8515210204                         ,60,16/4/2026,199900011928,70
8515210204                         ,60,21/4/2026,199900012232,60
8515210204                         ,60,13/5/2026,199900013032,70
8515210204                         ,60,16/4/2026,199900011930,70
8515210204                         ,60,6/3/2026,199900009259,70
8515210204                         ,60,13/5/2026,199900013033,70
8515210204                         ,60,16/4/2026,199900011924,70
8515210204                         ,60,21/4/2026,199900011918,70
8515210204                         ,60,4/3/2026,199900009241,70
8515210204                         ,60,21/4/2026,199900011912,70
8515210204                         ,60,21/4/2026,199900011916,70
8515210204                         ,60,18/4/2026,199900011907,70
8515210204                         ,60,21/4/2026,199900011914,70
8515210204                         ,60,6/3/2026,199900009256,70
8515210204                         ,60,16/4/2026,199900011927,70
8515210204                         ,60,9/5/2026,199900012974,10
8515210204                         ,60,16/4/2026,199900011925,70
8515210204                         ,60,21/4/2026,199900011915,70
8515210204                         ,60,16/4/2026,199900011932,70
8515210204                         ,60,18/4/2026,199900011908,70
8515210204                         ,60,16/4/2026,199900011931,70
8515210204                         ,60,9/5/2026,199900012975,40
8515210204                         ,60,6/3/2026,199900009258,70
8515210204                         ,60,18/4/2026,199900011920,70
8515210204                         ,60,18/4/2026,199900011921,70
8515210204                         ,60,16/4/2026,199900011929,70
8515210204                         ,60,21/4/2026,199900011917,70
8515210204                         ,60,16/4/2026,199900011933,70
8515210204                         ,62,10/6/2026,199900014952,70
8515210204                         ,62,10/6/2026,199900014953,70
8515210204                         ,62,10/6/2026,199900014951,70
8515210204                         ,62,9/6/2026,199900014862,70
8515210204                         ,62,9/6/2026,199900014861,70
8515210204                         ,62,10/6/2026,199900014950,70
8515210204                         ,62,10/6/2026,199900014954,70
8515210204                         ,62,10/6/2026,199900014947,70
8515210204                         ,62,10/6/2026,199900014949,70
8515210204                         ,62,10/6/2026,199900014948,70
8515210204                         ,62,9/6/2026,199900014863,70
8515210204                         ,62,9/6/2026,199900014859,70
8515210204                         ,62,9/6/2026,199900014860,70
8515210204                         ,62,10/6/2026,199900014955,70
8515210204                         ,99,4/3/2026,199900009237,70
8515220204                         ,01,14/1/2026,199900005619,70
8515220204                         ,01,29/3/2026,199900011142,70
8515220204                         ,01,8/2/2026,199900008460,19
8515220204                         ,01,29/3/2026,199900011140,70
8515220204                         ,01,29/3/2026,199900011141,70
8515220204                         ,01,14/1/2026,199900005622,70
8515220204                         ,01,29/3/2026,199900011144,31
8515220204                         ,01,15/1/2026,199900006080,20
8515220204                         ,01,29/1/2026,199900007551,70
8515220204                         ,01,13/1/2026,199900005600,70
8515220204                         ,01,14/1/2026,199900005641,70
8515220204                         ,01,29/3/2026,199900011143,70
8515220204                         ,60,18/4/2026,199900011964,70
8515220204                         ,60,21/4/2026,199900011972,70
8515220204                         ,60,18/4/2026,199900011977,70
8515220204                         ,60,16/4/2026,199900011984,70
8515220204                         ,60,16/4/2026,199900011986,70
8515220204                         ,60,18/4/2026,199900011963,70
8515220204                         ,60,13/5/2026,199900013035,70
8515220204                         ,60,18/4/2026,199900011979,70
8515220204                         ,60,16/4/2026,199900011983,70
8515220204                         ,60,4/3/2026,199900009268,70
8515220204                         ,60,16/4/2026,199900011987,70
8515220204                         ,60,21/4/2026,199900011973,70
8515220204                         ,60,16/4/2026,199900011989,70
8515220204                         ,60,16/4/2026,199900011982,70
8515220204                         ,60,15/5/2026,199900013231,70
8515220204                         ,60,22/4/2026,199900012336,70
8515220204                         ,60,6/3/2026,199900009292,70
8515220204                         ,60,16/4/2026,199900011988,70
8515220204                         ,60,21/4/2026,199900011974,70
8515220204                         ,60,18/4/2026,199900011962,70
8515220204                         ,60,21/4/2026,199900011971,70
8515220204                         ,60,21/4/2026,199900012206,70
8515220204                         ,60,16/4/2026,199900011980,70
8515220204                         ,60,21/4/2026,199900011970,70
8515220204                         ,60,6/3/2026,199900009270,70
8515220204                         ,60,4/3/2026,199900009297,70
8515220204                         ,60,22/4/2026,199900012335,70
8515220204                         ,60,21/4/2026,199900011969,70
8515220204                         ,60,6/3/2026,199900009293,70
8515220204                         ,60,9/5/2026,199900012976,47
8515220204                         ,60,18/4/2026,199900011978,70
8515220204                         ,60,16/4/2026,199900011981,70
8515220204                         ,60,22/4/2026,199900012442,23
8515220204                         ,60,16/4/2026,199900011985,70
8515220204                         ,60,6/3/2026,199900009291,70
8515220204                         ,60,21/4/2026,199900011968,70
8515220204                         ,60,18/4/2026,199900011976,70
8515220204                         ,60,18/4/2026,199900011975,70
8515220204                         ,62,9/6/2026,199900014853,70
8515220204                         ,62,9/6/2026,199900014858,70
8515220204                         ,62,9/6/2026,199900014855,70
8515220204                         ,62,9/6/2026,199900014849,70
8515220204                         ,62,9/6/2026,199900014848,70
8515220204                         ,62,9/6/2026,199900014852,70
8515220204                         ,62,9/6/2026,199900014850,70
8515220204                         ,62,9/6/2026,199900014851,70
8515220204                         ,62,9/6/2026,199900014854,70
8515220204                         ,62,9/6/2026,199900014846,70
8515220204                         ,62,9/6/2026,199900014847,70
8515220204                         ,62,9/6/2026,199900014857,70
8515220204                         ,62,9/6/2026,199900014856,70
8517110004                         ,01,21/4/2026,199900012225,34
8517110004                         ,01,5/2/2026,199900007969,80
8517110004                         ,01,22/4/2026,199900012418,36
8517110004                         ,01,5/2/2026,199900007895,80
8517110004                         ,01,5/2/2026,199900007968,80
8517110004                         ,01,5/2/2026,199900007971,80
8517110004                         ,01,5/2/2026,199900007970,80
8517110004                         ,01,7/5/2026,199900012837,10
8517110004                         ,50,16/5/2026,199900013259,7
8517110004                         ,98,22/12/2025,199900004461,25
8517120004                         ,01,5/2/2026,199900007937,80
8517120004                         ,01,5/2/2026,199900007936,80
8517120004                         ,01,5/2/2026,199900007938,80
8517120004                         ,01,5/2/2026,199900007975,80
8517120004                         ,01,5/2/2026,199900007935,80
8517120004                         ,01,21/4/2026,199900012226,80
8517120004                         ,50,16/5/2026,199900013260,80
8517120004                         ,98,5/2/2026,199900007972,80
8517120004                         ,98,5/2/2026,199900007939,80
8517120004                         ,98,21/4/2026,199900012288,80
8517120004                         ,98,21/4/2026,199900012280,44
8517120004                         ,98,5/2/2026,199900007974,80
8517120004                         ,98,22/12/2025,199900004462,55
8517120004                         ,98,22/4/2026,199900012419,58
8517120004                         ,98,5/2/2026,199900007973,80
8518110104                         ,01,7/4/2026,199900011314,55
8518110104                         ,01,7/4/2026,199900011313,55
8518110104                         ,01,21/5/2026,199900013668,10
8518110104                         ,01,7/4/2026,199900011315,55
8518110104                         ,60,21/5/2026,199900013671,55
8518110104                         ,60,21/5/2026,199900013673,55
8518110104                         ,60,12/5/2026,199900013005,55
8518110104                         ,60,21/5/2026,199900013670,55
8518110104                         ,60,21/5/2026,199900013674,55
8518110104                         ,60,21/5/2026,199900013669,55
8518110104                         ,60,21/5/2026,199900013672,55
8518110104                         ,60,12/5/2026,199900013007,45
8518110104                         ,60,12/5/2026,199900013006,55
8518110104                         ,62,2/6/2026,199900014471,55
8518120104                         ,01,7/4/2026,199900011316,55
8518120104                         ,01,21/5/2026,199900013677,10
8518120104                         ,01,7/4/2026,199900011317,55
8518120104                         ,01,7/4/2026,199900011318,55
8518120104                         ,60,12/5/2026,199900012996,55
8518120104                         ,60,21/5/2026,199900013678,55
8518120104                         ,60,21/5/2026,199900013679,55
8518120104                         ,60,21/5/2026,199900013681,55
8518120104                         ,60,21/5/2026,199900013685,55
8518120104                         ,60,12/5/2026,199900012997,55
8518120104                         ,60,21/5/2026,199900013684,55
8518120104                         ,60,21/5/2026,199900013680,55
8518120104                         ,60,12/5/2026,199900012998,45
8518120104                         ,62,2/6/2026,199900014470,55
8518310204                         ,50,11/5/2026,199900012977,55
8518320204                         ,50,11/5/2026,199900012978,36
8530210104                         ,98,15/1/2026,199900006085,1
8530220104                         ,98,15/1/2026,199900006086,2
8533320004                         ,50,16/5/2026,199900013242,19
8533320004                         ,50,3/6/2026,199900014510,20
8563310004                         ,01,8/2/2026,199900008402,7
8563310004                         ,60,30/5/2026,199900014339,52
8563310004                         ,60,30/5/2026,199900014340,52
8563310004                         ,60,29/5/2026,199900014297,52
8563310004                         ,60,11/5/2026,199900012988,45
8563310004                         ,60,30/5/2026,199900014338,52
8563310004                         ,60,29/5/2026,199900014295,52
8563310004                         ,60,1/6/2026,199900014423,52
8563310004                         ,62,3/6/2026,199900014481,52
8563310004                         ,62,3/6/2026,199900014489,52
8563310004                         ,62,11/6/2026,199900014538,52
8563310004                         ,62,3/6/2026,199900014483,52
8563310004                         ,62,3/6/2026,199900014487,52
8563310004                         ,62,11/6/2026,199900014541,52
8563310004                         ,62,3/6/2026,199900014490,52
8563310004                         ,62,3/6/2026,199900014497,52
8563310004                         ,62,3/6/2026,199900014478,52
8563310004                         ,62,3/6/2026,199900014491,52
8563310004                         ,62,3/6/2026,199900014486,52
8563310004                         ,62,3/6/2026,199900014488,52
8563310004                         ,62,3/6/2026,199900014482,52
8563310004                         ,62,3/6/2026,199900014496,52
8563310004                         ,62,3/6/2026,199900014485,52
8563310004                         ,62,11/6/2026,199900014542,52
8563310004                         ,62,3/6/2026,199900014495,52
8563310004                         ,62,11/6/2026,199900014540,52
8563310004                         ,62,3/6/2026,199900014492,52
8563310004                         ,62,11/6/2026,199900014539,52
8563310004                         ,62,11/6/2026,199900014537,52
8563310004                         ,62,3/6/2026,199900014493,52
8563310004                         ,62,3/6/2026,199900014480,52
8563310004                         ,62,9/6/2026,199900014536,52
8563310004                         ,62,3/6/2026,199900014479,52
8563310004                         ,62,3/6/2026,199900014494,52
8563310004                         ,62,3/6/2026,199900014484,52
8563320004                         ,60,30/5/2026,199900014342,52
8563320004                         ,60,30/5/2026,199900014343,52
8563320004                         ,60,29/5/2026,199900014305,52
8563320004                         ,60,30/5/2026,199900014341,52
8563320004                         ,60,29/5/2026,199900014307,52
8563320004                         ,60,11/5/2026,199900012989,52
8563320004                         ,60,1/6/2026,199900014424,52
8563320004                         ,62,1/6/2026,199900014440,52
8563320004                         ,62,3/6/2026,199900014500,52
8563320004                         ,62,1/6/2026,199900014429,52
8563320004                         ,62,3/6/2026,199900014498,52
8563320004                         ,62,1/6/2026,199900014434,52
8563320004                         ,62,1/6/2026,199900014435,52
8563320004                         ,62,3/6/2026,199900014505,52
8563320004                         ,62,1/6/2026,199900014426,52
8563320004                         ,62,3/6/2026,199900014503,52
8563320004                         ,62,1/6/2026,199900014427,52
8563320004                         ,62,1/6/2026,199900014441,52
8563320004                         ,62,3/6/2026,199900014502,52
8563320004                         ,62,1/6/2026,199900014428,52
8563320004                         ,62,1/6/2026,199900014432,52
8563320004                         ,62,1/6/2026,199900014437,52
8563320004                         ,62,1/6/2026,199900014425,52
8563320004                         ,62,1/6/2026,199900014431,52
8563320004                         ,62,3/6/2026,199900014507,52
8563320004                         ,62,1/6/2026,199900014430,52
8563320004                         ,62,1/6/2026,199900014436,52
8563320004                         ,62,3/6/2026,199900014506,52
8563320004                         ,62,1/6/2026,199900014442,52
8563320004                         ,62,3/6/2026,199900014499,52
8563320004                         ,62,3/6/2026,199900014501,52
8563320004                         ,62,1/6/2026,199900014438,52
8563320004                         ,62,1/6/2026,199900014439,52
8563320004                         ,62,3/6/2026,199900014504,52
8563320004                         ,62,1/6/2026,199900014433,52
8563410004                         ,60,26/5/2026,199900013895,52
8563410004                         ,62,26/5/2026,199900013896,15
8563420004                         ,60,26/5/2026,199900013891,37
8563420004                         ,60,3/6/2026,199900014508,15
8580210004                         ,60,28/5/2026,199900014101,80
8580210004                         ,60,28/5/2026,199900014103,80
8580210004                         ,60,28/5/2026,199900014100,80
8580210004                         ,60,28/5/2026,199900014102,80
8580220004                         ,60,28/5/2026,199900014107,80
8580220004                         ,60,28/5/2026,199900014105,80
8580220004                         ,60,28/5/2026,199900014106,80
8580220004                         ,60,28/5/2026,199900014108,80
8580310004                         ,60,29/5/2026,199900014258,80
8580320004                         ,60,29/5/2026,199900014260,80
8580410004                         ,01,11/11/2025,199900002000,56
8580410004                         ,50,8/2/2026,199900008365,16
8580410004                         ,60,28/5/2026,199900014089,40
8580410004                         ,62,22/4/2026,199900012430,56
8580420004                         ,01,11/11/2025,199900002003,56
8580420004                         ,50,8/2/2026,199900008370,16
8580420004                         ,60,28/5/2026,199900014091,40
8580420004                         ,62,28/5/2026,199900014090,13
8580420004                         ,62,16/5/2026,199900013241,43
8603210204                         ,60,23/5/2026,199900013760,56
8603210204                         ,60,23/5/2026,199900013754,56
8603210204                         ,60,26/5/2026,199900013905,56
8603210204                         ,60,23/5/2026,199900013758,56
8603210204                         ,60,23/5/2026,199900013759,56
8603210204                         ,60,23/5/2026,199900013751,56
8603210204                         ,60,23/5/2026,199900013761,56
8603210204                         ,60,23/5/2026,199900013755,56
8603210204                         ,60,23/5/2026,199900013753,56
8603210204                         ,60,23/5/2026,199900013756,56
8603210204                         ,60,23/5/2026,199900013750,56
8603210204                         ,60,23/5/2026,199900013749,56
8603210204                         ,60,23/5/2026,199900013752,56
8603210204                         ,62,2/6/2026,199900014467,56
8603210204                         ,62,2/6/2026,199900014466,56
8603210204                         ,62,23/5/2026,199900013757,56
8603220204                         ,60,23/5/2026,199900013765,56
8603220204                         ,60,23/5/2026,199900013764,56
8603220204                         ,60,23/5/2026,199900013766,56
8603220204                         ,60,23/5/2026,199900013771,56
8603220204                         ,60,23/5/2026,199900013773,56
8603220204                         ,60,23/5/2026,199900013774,56
8603220204                         ,60,23/5/2026,199900013772,56
8603220204                         ,60,23/5/2026,199900013767,56
8603220204                         ,60,23/5/2026,199900013762,56
8603220204                         ,60,23/5/2026,199900013770,56
8603220204                         ,60,23/5/2026,199900013777,56
8603220204                         ,60,23/5/2026,199900013763,56
8603220204                         ,60,23/5/2026,199900013769,56
8603220204                         ,62,23/5/2026,199900013778,56
8603220204                         ,62,23/5/2026,199900013768,56
8603220204                         ,62,23/5/2026,199900013779,56
8832310004                         ,60,29/5/2026,199900014186,56
8832310004                         ,60,29/5/2026,199900014184,56
8832310004                         ,60,29/5/2026,199900014185,56
8832310004                         ,60,29/5/2026,199900014168,34
8832310004                         ,60,12/5/2026,199900013012,22
8832310004                         ,62,29/5/2026,199900014176,56
8832320004                         ,60,29/5/2026,199900014224,56
8832320004                         ,60,29/5/2026,199900014225,56
8832320004                         ,60,29/5/2026,199900014205,56
8832320004                         ,60,29/5/2026,199900014192,56
8832410004                         ,60,21/4/2026,199900012197,56
8832410004                         ,60,21/4/2026,199900012315,56
8832410004                         ,60,21/4/2026,199900012195,56
8832410004                         ,60,21/4/2026,199900012192,56
8832410004                         ,60,24/4/2026,199900012519,56
8832410004                         ,62,24/4/2026,199900012522,16
8832410004                         ,62,16/5/2026,199900013249,32
8832410004                         ,62,21/4/2026,199900012281,32
8832410004                         ,62,16/5/2026,199900013250,56
8832410004                         ,62,21/4/2026,199900012222,47
8832410004                         ,98,22/12/2025,199900004608,47
8832420004                         ,60,21/4/2026,199900012202,56
8832420004                         ,60,21/4/2026,199900012282,56
8832420004                         ,60,21/4/2026,199900012284,36
8832420004                         ,60,22/12/2025,199900004609,20
8832420004                         ,60,21/4/2026,199900012318,56
8832420004                         ,60,21/4/2026,199900012204,56
8832420004                         ,62,21/4/2026,199900012221,20
8832420004                         ,62,16/5/2026,199900013251,30
8832420004                         ,62,22/4/2026,199900012427,56
8832420004                         ,62,21/4/2026,199900012283,56
8832420004                         ,62,21/4/2026,199900012295,56
8832420004                         ,99,31/5/2026,199900014351,10
8832420004                         ,99,31/5/2026,199900014350,4
8833310004                         ,50,16/5/2026,199900013255,9
8833310004                         ,60,21/4/2026,199900012320,56
8833310004                         ,62,4/6/2026,199900014598,56
8833310004                         ,62,4/6/2026,199900014601,56
8833310004                         ,62,4/6/2026,199900014600,56
8833310004                         ,62,4/6/2026,199900014597,56
8833310004                         ,62,4/6/2026,199900014599,56
8833310004                         ,62,4/6/2026,199900014596,56
8833320004                         ,50,16/5/2026,199900013256,8
8833320004                         ,60,21/4/2026,199900012319,56
8833320004                         ,62,4/6/2026,199900014594,56
8833320004                         ,62,4/6/2026,199900014593,56
8833320004                         ,62,4/6/2026,199900014595,56
8833320004                         ,62,4/6/2026,199900014591,56
8833320004                         ,62,4/6/2026,199900014589,56
8833320004                         ,62,4/6/2026,199900014586,56
8833320004                         ,62,9/6/2026,199900014747,56
8833320004                         ,62,4/6/2026,199900014587,56
8833320004                         ,62,9/6/2026,199900014746,56
8833320004                         ,62,4/6/2026,199900014588,56
8833320004                         ,62,4/6/2026,199900014590,56
8833320004                         ,62,4/6/2026,199900014592,56
8833320004                         ,62,4/6/2026,199900014585,56
8833410004                         ,01,21/11/2025,199900002310,56
8833410004                         ,60,21/4/2026,199900012128,56
8833410004                         ,60,21/4/2026,199900012133,56
8833410004                         ,60,21/4/2026,199900012124,56
8833410004                         ,60,21/4/2026,199900012125,56
8833410004                         ,60,21/4/2026,199900012153,56
8833410004                         ,62,21/4/2026,199900012246,4
8833410004                         ,98,21/11/2025,199900002305,56
8833410004                         ,98,27/11/2025,199900002695,184
8833410004                         ,98,27/11/2025,199900002694,184
8833410004                         ,98,27/11/2025,199900002696,240
8833410004                         ,98,22/3/2026,199900010555,56
8833420004                         ,01,21/11/2025,199900002311,56
8833420004                         ,60,21/4/2026,199900012134,56
8833420004                         ,60,21/4/2026,199900012136,56
8833420004                         ,60,21/4/2026,199900012147,56
8833420004                         ,60,21/4/2026,199900012143,56
8833420004                         ,60,21/4/2026,199900012142,56
8833420004                         ,98,17/12/2025,199900003887,52
8835210004                         ,60,22/4/2026,199900012411,16
8835210004                         ,60,29/5/2026,199900014316,75
8835210004                         ,60,29/5/2026,199900014314,59
8835210004                         ,60,29/5/2026,199900014315,75
8835210004                         ,62,30/5/2026,199900014336,45
8835220004                         ,01,22/12/2025,199900004611,10
8835220004                         ,60,29/5/2026,199900014322,75
8835220004                         ,60,29/5/2026,199900014323,75
8835220004                         ,60,29/5/2026,199900014321,25
8835220004                         ,60,22/4/2026,199900012412,40
8835220004                         ,62,30/5/2026,199900014337,55
8835310004                         ,01,18/3/2026,199900010116,75
8835310004                         ,01,14/3/2026,199900009888,75
8835310004                         ,01,22/5/2026,199900013703,75
8835310004                         ,01,14/3/2026,199900009889,75
8835310004                         ,01,14/5/2026,199900013131,75
8835310004                         ,01,22/5/2026,199900013699,75
8835310004                         ,01,12/2/2026,199900008551,75
8835310004                         ,01,22/5/2026,199900013702,75
8835310004                         ,01,12/2/2026,199900008555,75
8835310004                         ,01,18/5/2026,199900013350,75
8835310004                         ,01,18/3/2026,199900010118,75
8835310004                         ,01,29/3/2026,199900011108,75
8835310004                         ,01,29/3/2026,199900011109,75
8835310004                         ,01,14/3/2026,199900009886,75
8835310004                         ,01,14/3/2026,199900009882,75
8835310004                         ,01,19/3/2026,199900010121,75
8835310004                         ,01,12/2/2026,199900008546,75
8835310004                         ,01,14/3/2026,199900009883,75
8835310004                         ,01,22/5/2026,199900013698,75
8835310004                         ,01,22/5/2026,199900013701,75
8835310004                         ,01,20/3/2026,199900009881,75
8835310004                         ,01,18/3/2026,199900010115,75
8835310004                         ,01,25/2/2026,199900008671,75
8835310004                         ,01,18/5/2026,199900013351,75
8835310004                         ,50,18/5/2026,199900013345,75
8835310004                         ,60,8/5/2026,199900012807,75
8835310004                         ,60,18/3/2026,199900010117,75
8835310004                         ,60,13/5/2026,199900013049,75
8835310004                         ,60,13/5/2026,199900013057,75
8835310004                         ,60,22/4/2026,199900012367,75
8835310004                         ,60,22/4/2026,199900012366,75
8835310004                         ,60,8/5/2026,199900012814,75
8835310004                         ,60,13/5/2026,199900013055,75
8835310004                         ,60,29/4/2026,199900012596,75
8835310004                         ,60,8/5/2026,199900012889,51
8835310004                         ,60,8/5/2026,199900012813,75
8835310004                         ,60,8/5/2026,199900012811,75
8835310004                         ,60,8/5/2026,199900012809,75
8835310004                         ,60,8/5/2026,199900012806,75
8835310004                         ,60,13/5/2026,199900013056,75
8835310004                         ,60,22/4/2026,199900012413,75
8835310004                         ,60,12/5/2026,199900013014,75
8835310004                         ,60,8/5/2026,199900012810,75
8835310004                         ,60,22/4/2026,199900012337,24
8835310004                         ,60,13/5/2026,199900013058,75
8835310004                         ,60,13/5/2026,199900013053,75
8835310004                         ,60,12/5/2026,199900013013,75
8835310004                         ,60,8/5/2026,199900012805,75
8835310004                         ,60,8/5/2026,199900012808,75
8835310004                         ,62,27/5/2026,199900014012,75
8835310004                         ,62,9/6/2026,199900014736,75
8835310004                         ,62,11/6/2026,199900015004,75
8835310004                         ,62,10/6/2026,199900014940,75
8835310004                         ,62,10/6/2026,199900014946,75
8835310004                         ,62,9/6/2026,199900014723,75
8835310004                         ,62,11/6/2026,199900015000,75
8835310004                         ,62,27/5/2026,199900014013,75
8835310004                         ,62,9/6/2026,199900014742,75
8835310004                         ,62,11/6/2026,199900014995,75
8835310004                         ,62,11/6/2026,199900014991,75
8835310004                         ,62,9/6/2026,199900014725,75
8835310004                         ,62,2/6/2026,199900014469,75
8835310004                         ,62,11/6/2026,199900014998,75
8835310004                         ,62,9/6/2026,199900014741,75
8835310004                         ,62,11/6/2026,199900014997,75
8835310004                         ,62,11/6/2026,199900014992,75
8835310004                         ,62,9/6/2026,199900014738,75
8835310004                         ,62,11/6/2026,199900014987,75
8835310004                         ,62,11/6/2026,199900014989,75
8835310004                         ,62,9/6/2026,199900014739,75
8835310004                         ,62,9/6/2026,199900014729,75
8835310004                         ,62,11/6/2026,199900014996,75
8835310004                         ,62,9/6/2026,199900014726,75
8835310004                         ,62,10/6/2026,199900014941,75
8835310004                         ,62,11/6/2026,199900015002,75
8835310004                         ,62,11/6/2026,199900015003,75
8835310004                         ,62,10/6/2026,199900014943,75
8835310004                         ,62,9/6/2026,199900014745,75
8835310004                         ,62,9/6/2026,199900014731,75
8835310004                         ,62,11/6/2026,199900014994,75
8835310004                         ,62,10/6/2026,199900014939,75
8835310004                         ,62,9/6/2026,199900014730,75
8835310004                         ,62,9/6/2026,199900014740,75
8835310004                         ,62,9/6/2026,199900014727,75
8835310004                         ,62,11/6/2026,199900014999,75
8835310004                         ,62,11/6/2026,199900014985,75
8835310004                         ,62,10/6/2026,199900014944,75
8835310004                         ,62,9/6/2026,199900014744,75
8835310004                         ,62,9/6/2026,199900014737,75
8835310004                         ,62,11/6/2026,199900015001,75
8835310004                         ,62,11/6/2026,199900014993,75
8835310004                         ,62,11/6/2026,199900014984,75
8835310004                         ,62,9/6/2026,199900014722,75
8835310004                         ,62,11/6/2026,199900014990,75
8835310004                         ,62,9/6/2026,199900014743,75
8835310004                         ,62,9/6/2026,199900014735,75
8835310004                         ,62,9/6/2026,199900014734,75
8835310004                         ,62,9/6/2026,199900014724,75
8835310004                         ,62,11/6/2026,199900014986,75
8835310004                         ,62,11/6/2026,199900014988,75
8835310004                         ,62,9/6/2026,199900014728,75
8835310004                         ,62,9/6/2026,199900014733,75
8835310004                         ,62,10/6/2026,199900014942,75
8835310004                         ,62,10/6/2026,199900014945,75
8835310004                         ,62,9/6/2026,199900014732,75
8835320004                         ,01,22/5/2026,199900013706,75
8835320004                         ,01,14/3/2026,199900009909,75
8835320004                         ,01,22/5/2026,199900013704,75
8835320004                         ,01,29/3/2026,199900011113,75
8835320004                         ,01,18/5/2026,199900013353,75
8835320004                         ,01,25/2/2026,199900008700,75
8835320004                         ,01,18/3/2026,199900010130,75
8835320004                         ,01,22/5/2026,199900013708,75
8835320004                         ,01,23/1/2026,199900007079,75
8835320004                         ,01,22/5/2026,199900013707,75
8835320004                         ,01,29/4/2026,199900012630,5
8835320004                         ,01,14/3/2026,199900009902,75
8835320004                         ,01,14/3/2026,199900009907,75
8835320004                         ,01,12/2/2026,199900008562,75
8835320004                         ,01,14/3/2026,199900009903,75
8835320004                         ,01,18/3/2026,199900010129,75
8835320004                         ,01,13/5/2026,199900013046,75
8835320004                         ,01,13/5/2026,199900013047,75
8835320004                         ,01,12/2/2026,199900008561,75
8835320004                         ,01,14/3/2026,199900009906,75
8835320004                         ,01,29/3/2026,199900011112,75
8835320004                         ,01,20/3/2026,199900009901,75
8835320004                         ,01,22/5/2026,199900013705,75
8835320004                         ,50,18/5/2026,199900013358,75
8835320004                         ,60,8/5/2026,199900012823,75
8835320004                         ,60,8/5/2026,199900012817,75
8835320004                         ,60,22/4/2026,199900012389,75
8835320004                         ,60,12/5/2026,199900013022,75
8835320004                         ,60,12/5/2026,199900013023,75
8835320004                         ,60,8/5/2026,199900012818,75
8835320004                         ,60,8/5/2026,199900012821,75
8835320004                         ,60,29/4/2026,199900012599,70
8835320004                         ,60,18/3/2026,199900010131,75
8835320004                         ,60,22/4/2026,199900012408,75
8835320004                         ,60,8/5/2026,199900012819,75
8835320004                         ,60,13/5/2026,199900013042,75
8835320004                         ,60,8/5/2026,199900012825,75
8835320004                         ,60,12/5/2026,199900013021,75
8835320004                         ,60,12/5/2026,199900013018,5
8835320004                         ,60,13/5/2026,199900013037,75
8835320004                         ,60,22/4/2026,199900012388,75
8835320004                         ,60,8/5/2026,199900012820,75
8835320004                         ,60,8/5/2026,199900012890,61
8835320004                         ,60,22/4/2026,199900012338,14
8835320004                         ,60,8/5/2026,199900012826,75
8835320004                         ,60,8/5/2026,199900012891,75
8835320004                         ,60,12/5/2026,199900013019,75
8835320004                         ,60,12/5/2026,199900013020,75
8835320004                         ,60,13/5/2026,199900013036,70
8835320004                         ,60,13/5/2026,199900013038,75
8835320004                         ,60,8/5/2026,199900012822,75
8835320004                         ,62,9/6/2026,199900014696,75
8835320004                         ,62,10/6/2026,199900014931,75
8835320004                         ,62,9/6/2026,199900014701,75
8835320004                         ,62,9/6/2026,199900014707,75
8835320004                         ,62,9/6/2026,199900014709,75
8835320004                         ,62,9/6/2026,199900014718,75
8835320004                         ,62,9/6/2026,199900014697,75
8835320004                         ,62,9/6/2026,199900014700,75
8835320004                         ,62,10/6/2026,199900014938,75
8835320004                         ,62,11/6/2026,199900015006,75
8835320004                         ,62,10/6/2026,199900014936,75
8835320004                         ,62,9/6/2026,199900014714,75
8835320004                         ,62,2/6/2026,199900014468,75
8835320004                         ,62,11/6/2026,199900015008,75
8835320004                         ,62,9/6/2026,199900014705,75
8835320004                         ,62,9/6/2026,199900014713,75
8835320004                         ,62,11/6/2026,199900015007,75
8835320004                         ,62,9/6/2026,199900014699,75
8835320004                         ,62,9/6/2026,199900014719,75
8835320004                         ,62,10/6/2026,199900014937,75
8835320004                         ,62,10/6/2026,199900014932,75
8835320004                         ,62,9/6/2026,199900014712,75
8835320004                         ,62,9/6/2026,199900014721,75
8835320004                         ,62,9/6/2026,199900014704,75
8835320004                         ,62,9/6/2026,199900014716,75
8835320004                         ,62,9/6/2026,199900014703,75
8835320004                         ,62,10/6/2026,199900014933,75
8835320004                         ,62,11/6/2026,199900015005,75
8835320004                         ,62,9/6/2026,199900014715,75
8835320004                         ,62,9/6/2026,199900014717,75
8835320004                         ,62,10/6/2026,199900014935,75
8835320004                         ,62,9/6/2026,199900014698,75
8835320004                         ,62,9/6/2026,199900014702,75
8835320004                         ,62,9/6/2026,199900014720,75
8835320004                         ,62,9/6/2026,199900014710,75
8835320004                         ,62,9/6/2026,199900014711,75
8835320004                         ,62,9/6/2026,199900014706,75
8835320004                         ,62,10/6/2026,199900014934,75
8835320004                         ,62,9/6/2026,199900014708,75
8836210004                         ,60,24/4/2026,199900012524,70
8836210004                         ,60,24/4/2026,199900012526,70
8836210004                         ,60,22/4/2026,199900012461,70
8836210004                         ,60,24/4/2026,199900012525,70
8836210004                         ,60,24/4/2026,199900012528,70
8836210004                         ,62,24/4/2026,199900012502,30
8836210004                         ,62,21/4/2026,199900012291,70
8836210004                         ,62,21/4/2026,199900012293,40
8836220004                         ,60,24/4/2026,199900012533,70
8836220004                         ,60,24/4/2026,199900012531,70
8836220004                         ,60,24/4/2026,199900012529,70
8836220004                         ,60,22/4/2026,199900012462,70
8836220004                         ,60,24/4/2026,199900012532,70
8836220004                         ,62,24/4/2026,199900012501,43
8836310004                         ,62,4/6/2026,199900014638,70
8836310004                         ,62,4/6/2026,199900014637,70
8836310004                         ,62,4/6/2026,199900014631,70
8836310004                         ,62,4/6/2026,199900014630,70
8836310004                         ,62,4/6/2026,199900014626,70
8836310004                         ,62,4/6/2026,199900014639,70
8836310004                         ,62,4/6/2026,199900014628,70
8836310004                         ,62,4/6/2026,199900014624,70
8836310004                         ,62,4/6/2026,199900014640,70
8836310004                         ,62,4/6/2026,199900014623,70
8836310004                         ,62,4/6/2026,199900014634,70
8836310004                         ,62,4/6/2026,199900014629,70
8836310004                         ,62,4/6/2026,199900014636,70
8836310004                         ,62,4/6/2026,199900014625,70
8836310004                         ,62,4/6/2026,199900014632,70
8836310004                         ,62,4/6/2026,199900014627,70
8836310004                         ,62,4/6/2026,199900014635,70
8836310004                         ,62,30/5/2026,199900014334,70
8836310004                         ,62,4/6/2026,199900014641,70
8836310004                         ,62,4/6/2026,199900014622,70
8836310004                         ,62,4/6/2026,199900014633,70
8836320004                         ,62,4/6/2026,199900014579,70
8836320004                         ,62,4/6/2026,199900014573,70
8836320004                         ,62,4/6/2026,199900014574,70
8836320004                         ,62,4/6/2026,199900014582,70
8836320004                         ,62,4/6/2026,199900014568,70
8836320004                         ,62,4/6/2026,199900014570,70
8836320004                         ,62,4/6/2026,199900014581,70
8836320004                         ,62,4/6/2026,199900014544,15
8836320004                         ,62,4/6/2026,199900014583,70
8836320004                         ,62,4/6/2026,199900014565,70
8836320004                         ,62,4/6/2026,199900014572,70
8836320004                         ,62,4/6/2026,199900014580,70
8836320004                         ,62,4/6/2026,199900014576,70
8836320004                         ,62,4/6/2026,199900014571,70
8836320004                         ,62,4/6/2026,199900014575,70
8836320004                         ,62,4/6/2026,199900014567,70
8836320004                         ,62,4/6/2026,199900014578,70
8836320004                         ,62,4/6/2026,199900014566,70
8836320004                         ,62,30/5/2026,199900014335,55
8836320004                         ,62,4/6/2026,199900014584,70
8836320004                         ,62,4/6/2026,199900014577,70
8836320004                         ,62,4/6/2026,199900014569,70
8838210004                         ,60,27/5/2026,199900013936,55
8838210004                         ,60,27/5/2026,199900013947,55
8838210004                         ,60,27/5/2026,199900013944,55
8838210004                         ,60,27/5/2026,199900013946,55
8838210004                         ,62,27/5/2026,199900013967,18
8838220004                         ,50,24/4/2026,199900012516,30
8838220004                         ,60,27/5/2026,199900013950,55
8838220004                         ,60,27/5/2026,199900013963,55
8838220004                         ,60,27/5/2026,199900013960,55
8838220004                         ,60,27/5/2026,199900013958,55
8838220004                         ,60,27/5/2026,199900013961,55
8838220004                         ,62,27/5/2026,199900013968,15
8838220004                         ,62,27/5/2026,199900013966,55
8838310004                         ,50,14/1/2026,199900005979,55
8838310004                         ,60,9/4/2026,199900011337,55
8838310004                         ,60,9/4/2026,199900011338,55
8838310004                         ,60,8/4/2026,199900011322,55
8838310004                         ,60,8/4/2026,199900011340,55
8838310004                         ,60,8/4/2026,199900011321,55
8838320004                         ,50,21/4/2026,199900012233,55
8838320004                         ,60,8/4/2026,199900011383,55
8838320004                         ,60,8/4/2026,199900011364,55
8838320004                         ,60,9/4/2026,199900011361,55
8838320004                         ,60,8/4/2026,199900011382,55
8838320004                         ,60,9/4/2026,199900011362,55
8838320004                         ,62,27/5/2026,199900013972,55
8839210004                         ,60,22/4/2026,199900012340,4
8839210004                         ,60,14/5/2026,199900013134,46
8839210004                         ,98,8/2/2026,199900008406,8
8839220004                         ,60,14/5/2026,199900013135,50
8839310004                         ,01,16/5/2026,199900013264,50
8839310004                         ,01,16/5/2026,199900013263,17
8839310004                         ,01,21/4/2026,199900012296,33
8839310004                         ,62,27/5/2026,199900014008,50
8839310004                         ,62,27/5/2026,199900014002,50
8839310004                         ,62,27/5/2026,199900014004,50
8839310004                         ,62,27/5/2026,199900014009,50
8839310004                         ,62,27/5/2026,199900014001,50
8839310004                         ,62,27/5/2026,199900014011,50
8839310004                         ,62,27/5/2026,199900014007,50
8839310004                         ,62,27/5/2026,199900014010,50
8839310004                         ,62,27/5/2026,199900013998,36
8839310004                         ,62,27/5/2026,199900013981,14
8839310004                         ,62,27/5/2026,199900014005,50
8839310004                         ,62,27/5/2026,199900014003,50
8839310004                         ,62,27/5/2026,199900013999,50
8839310004                         ,62,27/5/2026,199900014000,50
8839310004                         ,62,27/5/2026,199900014006,50
8839320004                         ,60,4/5/2026,199900012743,50
8839320004                         ,60,4/5/2026,199900012746,50
8839320004                         ,62,11/6/2026,199900014763,50
8839320004                         ,62,11/6/2026,199900014764,50
8839320004                         ,62,4/5/2026,199900012744,50
8839320004                         ,62,11/6/2026,199900014760,50
8839320004                         ,62,11/6/2026,199900014759,50
8839320004                         ,62,11/6/2026,199900014765,50
8839320004                         ,62,11/6/2026,199900014762,50
8839320004                         ,62,11/6/2026,199900014761,50
8860210104                         ,01,31/12/2025,199900005181,56
8860210104                         ,01,24/4/2026,199900012507,4
8860210104                         ,01,15/1/2026,199900006075,12
8860210104                         ,01,31/12/2025,199900005179,56
8860210104                         ,01,8/2/2026,199900008410,56
8860210104                         ,01,8/4/2026,199900011484,56
8860210104                         ,01,31/12/2025,199900005180,56
8860210104                         ,01,21/4/2026,199900012289,56
8860210104                         ,60,19/5/2026,199900013462,56
8860210104                         ,60,19/5/2026,199900013455,40
8860210104                         ,60,19/5/2026,199900013464,56
8860210104                         ,60,19/5/2026,199900013459,56
8860210104                         ,60,19/5/2026,199900013460,56
8860210104                         ,60,19/5/2026,199900013463,56
8860210104                         ,60,19/5/2026,199900013457,56
8860210104                         ,60,19/5/2026,199900013465,56
8860210104                         ,60,19/5/2026,199900013456,56
8860210104                         ,60,19/5/2026,199900013458,56
8860210104                         ,60,19/5/2026,199900013466,56
8860210104                         ,60,19/5/2026,199900013461,56
8860220104                         ,01,8/2/2026,199900008411,35
8860220104                         ,01,15/1/2026,199900006076,40
8860220104                         ,01,31/12/2025,199900005189,56
8860220104                         ,01,8/4/2026,199900011488,56
8860220104                         ,01,21/4/2026,199900012290,43
8860220104                         ,01,31/12/2025,199900005188,56
8860220104                         ,01,31/12/2025,199900005187,56
8860220104                         ,50,24/4/2026,199900012508,56
8860220104                         ,60,19/5/2026,199900013469,16
8860220104                         ,60,19/5/2026,199900013551,56
8860220104                         ,60,19/5/2026,199900013546,56
8860220104                         ,60,19/5/2026,199900013544,56
8860220104                         ,60,19/5/2026,199900013549,56
8860220104                         ,60,19/5/2026,199900013545,56
8860220104                         ,60,19/5/2026,199900013543,56
8860220104                         ,60,19/5/2026,199900013528,13
8860220104                         ,60,19/5/2026,199900013542,56
8860220104                         ,60,19/5/2026,199900013468,21
8860220104                         ,60,19/5/2026,199900013547,56
8860220104                         ,60,19/5/2026,199900013550,56
8860220104                         ,60,19/5/2026,199900013552,56
8860220104                         ,60,19/5/2026,199900013548,56
8860220104                         ,62,19/5/2026,199900013541,56
8861710004                         ,60,26/5/2026,199900013876,56
8861710004                         ,60,26/5/2026,199900013874,56
8861710004                         ,60,26/5/2026,199900013875,56
8861710004                         ,60,26/5/2026,199900013878,56
8861710004                         ,60,26/5/2026,199900013877,56
8861710004                         ,60,26/5/2026,199900013872,56
8861710004                         ,60,26/5/2026,199900013873,56
8861720004                         ,60,26/5/2026,199900013884,56
8861720004                         ,60,26/5/2026,199900013885,56
8861720004                         ,60,26/5/2026,199900013880,56
8861720004                         ,60,26/5/2026,199900013883,56
8861720004                         ,60,26/5/2026,199900013881,56
8861720004                         ,60,26/5/2026,199900013879,56
8861720004                         ,60,26/5/2026,199900013882,56
8863410204                         ,01,11/11/2025,199900002092,12
8863410204                         ,01,11/11/2025,199900002095,12
8863410204                         ,01,11/11/2025,199900002090,12
8863410204                         ,01,11/11/2025,199900002094,12
8863410204                         ,01,11/11/2025,199900002099,12
8863410204                         ,01,10/4/2026,199900011630,4
8863410204                         ,01,11/11/2025,199900002093,12
8863410204                         ,01,9/4/2026,199900011493,4
8863410204                         ,01,11/11/2025,199900002111,12
8863410204                         ,01,11/11/2025,199900002107,12
8863410204                         ,01,19/5/2026,199900013453,4
8863410204                         ,01,13/1/2026,199900005849,56
8863410204                         ,01,11/11/2025,199900002087,12
8863410204                         ,01,10/4/2026,199900011654,4
8863410204                         ,01,11/11/2025,199900002108,12
8863410204                         ,01,11/11/2025,199900002106,12
8863410204                         ,01,11/11/2025,199900002028,68
8863410204                         ,01,13/1/2026,199900005843,56
8863410204                         ,01,11/11/2025,199900002110,12
8863410204                         ,01,10/4/2026,199900011650,4
8863410204                         ,01,10/4/2026,199900011649,4
8863410204                         ,01,19/5/2026,199900013454,4
8863410204                         ,01,11/11/2025,199900002086,12
8863410204                         ,01,11/11/2025,199900002113,12
8863410204                         ,01,11/11/2025,199900002104,12
8863410204                         ,01,11/11/2025,199900002112,12
8863410204                         ,01,11/11/2025,199900002115,12
8863410204                         ,01,11/11/2025,199900002091,12
8863410204                         ,01,16/10/2025,199900000093,4
8863410204                         ,01,11/11/2025,199900002100,12
8863410204                         ,01,11/11/2025,199900002096,12
8863410204                         ,01,11/11/2025,199900002084,12
8863410204                         ,01,11/11/2025,199900002101,12
8863410204                         ,01,11/11/2025,199900002109,12
8863410204                         ,01,10/3/2026,199900009562,56
8863410204                         ,01,11/11/2025,199900002103,12
8863410204                         ,01,10/3/2026,199900009593,56
8863410204                         ,01,11/11/2025,199900002105,12
8863410204                         ,01,11/11/2025,199900002114,12
8863410204                         ,01,11/11/2025,199900002089,12
8863410204                         ,01,10/4/2026,199900011653,4
8863410204                         ,01,10/4/2026,199900011616,4
8863410204                         ,01,26/3/2026,199900010890,56
8863410204                         ,98,11/11/2025,199900002088,12
8863410204                         ,98,11/11/2025,199900002102,4
8863410204                         ,98,11/11/2025,199900002098,12
8863410204                         ,98,11/11/2025,199900002085,12
8863410204                         ,98,11/11/2025,199900002097,12
8863420204                         ,01,11/11/2025,199900002203,12
8863420204                         ,01,11/11/2025,199900002196,12
8863420204                         ,01,26/3/2026,199900010889,56
8863420204                         ,01,11/11/2025,199900002211,12
8863420204                         ,01,11/11/2025,199900002210,12
8863420204                         ,01,11/11/2025,199900002209,12
8863420204                         ,01,11/11/2025,199900002206,12
8863420204                         ,01,11/11/2025,199900002218,12
8863420204                         ,01,11/11/2025,199900002205,12
8863420204                         ,01,19/5/2026,199900013452,4
8863420204                         ,01,19/5/2026,199900013447,4
8863420204                         ,01,11/11/2025,199900002221,12
8863420204                         ,01,11/11/2025,199900002195,68
8863420204                         ,01,10/3/2026,199900009601,56
8863420204                         ,01,11/11/2025,199900002215,12
8863420204                         ,01,19/5/2026,199900013448,4
8863420204                         ,01,11/11/2025,199900002223,12
8863420204                         ,01,11/11/2025,199900002207,12
8863420204                         ,01,11/11/2025,199900002225,12
8863420204                         ,01,11/11/2025,199900002193,12
8863420204                         ,01,13/1/2026,199900005876,56
8863420204                         ,01,11/11/2025,199900002194,12
8863420204                         ,01,11/11/2025,199900002216,12
8863420204                         ,01,11/11/2025,199900002212,4
8863420204                         ,01,11/11/2025,199900002224,12
8863420204                         ,01,11/11/2025,199900002214,12
8863420204                         ,01,11/11/2025,199900002213,12
8863420204                         ,01,10/4/2026,199900011705,4
8863420204                         ,01,11/11/2025,199900002192,12
8863420204                         ,01,11/11/2025,199900002222,12
8863420204                         ,01,11/11/2025,199900002191,4
8863420204                         ,01,11/11/2025,199900002208,12
8863420204                         ,01,11/11/2025,199900002219,12
8863420204                         ,01,11/11/2025,199900002204,12
8863420204                         ,01,19/5/2026,199900013450,4
8863420204                         ,01,13/1/2026,199900005881,56
8863420204                         ,01,19/5/2026,199900013451,4
8863420204                         ,01,10/3/2026,199900009622,56
8863420204                         ,01,11/11/2025,199900002220,12
8863420204                         ,01,11/11/2025,199900002198,12
8863420204                         ,01,10/4/2026,199900011704,4
8863420204                         ,01,11/11/2025,199900002202,12
8863420204                         ,01,19/5/2026,199900013449,4
8863420204                         ,98,11/11/2025,199900002201,12
8863420204                         ,98,11/11/2025,199900002200,12
8863420204                         ,98,11/11/2025,199900002199,12
8863420204                         ,98,11/11/2025,199900002197,12
8863420204                         ,98,11/11/2025,199900002217,4
8864510104                         ,01,7/2/2026,199900008201,56
8864510104                         ,01,31/12/2025,199900005355,56
8864510104                         ,98,8/2/2026,199900008407,56
8864510104                         ,98,15/1/2026,199900006083,39
8864520104                         ,01,31/12/2025,199900005356,56
8864520104                         ,60,14/5/2026,199900013133,56
8864520104                         ,98,8/2/2026,199900008409,10
8864520104                         ,98,22/3/2026,199900010553,56
8864520104                         ,98,15/1/2026,199900006084,1
8864520104                         ,98,7/2/2026,199900008202,44
8864520104                         ,98,22/3/2026,199900010554,56
8869510104                         ,98,22/4/2026,199900012327,32
8870910004                         ,60,25/3/2026,199900010741,56
8870910004                         ,60,25/3/2026,199900010743,56
8870910004                         ,60,26/3/2026,199900010745,56
8870910004                         ,60,25/3/2026,199900010749,56
8870910004                         ,60,25/3/2026,199900010750,56
8870910004                         ,62,23/4/2026,199900012472,32
8870920004                         ,60,26/3/2026,199900010788,56
8870920004                         ,60,25/3/2026,199900010791,56
8870920004                         ,60,25/3/2026,199900010793,56
8870920004                         ,60,25/3/2026,199900010799,56
8870920004                         ,60,25/3/2026,199900010800,56
8870920004                         ,62,23/4/2026,199900012473,36
8881710004                         ,01,24/3/2026,199900010581,56
8881710004                         ,01,24/3/2026,199900010575,56
8881710004                         ,01,24/3/2026,199900010578,56
8881710004                         ,01,24/3/2026,199900010582,56
8881710004                         ,01,24/3/2026,199900010577,56
8881710004                         ,01,24/3/2026,199900010583,56
8881710004                         ,01,24/3/2026,199900010590,56
8881710004                         ,01,24/3/2026,199900010587,56
8881710004                         ,01,24/3/2026,199900010585,56
8881710004                         ,01,26/3/2026,199900010572,56
8881710004                         ,01,24/3/2026,199900010580,56
8881710004                         ,01,24/3/2026,199900010573,56
8881710004                         ,01,24/3/2026,199900010574,56
8881710004                         ,01,24/3/2026,199900010588,56
8881710004                         ,01,24/3/2026,199900010586,56
8881710004                         ,01,24/3/2026,199900010589,56
8881710004                         ,01,24/3/2026,199900010584,56
8881710004                         ,01,24/3/2026,199900010576,56
8881710004                         ,01,24/3/2026,199900010579,56
8881710004                         ,50,21/4/2026,199900012227,11
8881710004                         ,50,22/4/2026,199900012344,56
8881710004                         ,50,22/4/2026,199900012343,54
8881710004                         ,98,15/1/2026,199900006073,35
8881720004                         ,01,26/3/2026,199900010653,56
8881720004                         ,01,24/3/2026,199900010645,56
8881720004                         ,01,24/3/2026,199900010648,56
8881720004                         ,01,24/3/2026,199900010649,56
8881720004                         ,01,24/3/2026,199900010639,56
8881720004                         ,01,24/3/2026,199900010650,56
8881720004                         ,01,24/3/2026,199900010634,56
8881720004                         ,01,24/3/2026,199900010643,56
8881720004                         ,01,24/3/2026,199900010641,56
8881720004                         ,01,24/3/2026,199900010640,56
8881720004                         ,01,24/3/2026,199900010642,56
8881720004                         ,01,24/3/2026,199900010638,56
8881720004                         ,01,24/3/2026,199900010636,56
8881720004                         ,01,24/3/2026,199900010635,56
8881720004                         ,01,24/3/2026,199900010647,56
8881720004                         ,01,24/3/2026,199900010644,56
8881720004                         ,01,24/3/2026,199900010646,56
8881720004                         ,01,24/3/2026,199900010637,56
8881720004                         ,01,24/3/2026,199900010633,56
8881720004                         ,50,21/4/2026,199900012228,7
8881720004                         ,50,22/4/2026,199900012345,18
8881720004                         ,98,15/1/2026,199900006074,22
